id,name
2304,Test Firma awlmczrkbb
2376,Test Firma zwmqvfmtly
2482,Test Firma lihllusful
1057,Test Firma sgecxhqisr
1012,Test Firma fyewzirjts
2207,Test Firma jpxuhzdqtx
2425,Test Firma goboqlkpuh
2433,Test Firma xtaubsophq
2404,Test Firma hnrxphowsb
2470,Test Firma ytxjbcgahk
1482,Test Firma ftgvofklxh
906, Test Firma qjxkjqcomq
717,Test Firma wlmdfrtrfx
2468,Test Firma cnklxlighp
451,Test Firma hmqvegtavd
535,Test Firma ccdjlbyrml
2467,Test Firma tnhwoctqvj
2242,Test Firma fxyaewwtem
1796,Test Firma wydvtfvqrk
1758,Test Firma auaqggoyey
2723,Test Firma ghstopjxpg
2590,Test Firma kfvogocrdr
2724,Test Firma beqtwdwbnn
2707,Test Firma botbbyqlhc
2708,Test Firma qugqpbkvyk
1664,Test Firma djnmwzggob
2722,Test Firma ptypcpvkmd
2367,Test Firma foiudgwpml
2671,Test Firma wygiysvxcp
2719,Test Firma ugvklattme
2646,Test Firma jiotcfrucx
2721,Test Firma iuejhlgxwp
1532,Test Firma mmbrjqghqk
1052,Test Firma djlencwbqd
830,Test Firma qxoedattmd
2684,Test Firma ejmfohrpzc
2720,Test Firma lykftfuhdr
2478,Test Firma dokkutmcbw
2614,Test Firma hrrhkdjlgu
659,Test Firma hyyaesfsbb
2718,Test Firma cjnmwwujmh
2402,Test Firma wpkdltnkkw
2654,Test Firma dwfgpjwjgz
2225,Test Firma hmojcksmek